<?xml version="1.0" encoding="UTF-8"?>
<SemiconductorLibrary xmlns="http://www.plexim.com/xml/semiconductors/" version="1.0">
    <Package class="IGBT" vendor="Infineon" partnumber="IGW08T120">
        <SemiconductorData type="IGBT">
            <TurnOnLoss>
                <CurrentAxis>0 0.8 2 4 8 16 32 </CurrentAxis>
                <VoltageAxis> 0 600</VoltageAxis>
                <TemperatureAxis> 25 150</TemperatureAxis>
                <Energy scale="1">
                    <Temperature>
                        <Voltage> 0 0 0 0 0 0 0 </Voltage>
                        <Voltage> 2.34E-06 8.20E-05 1.88E-04 3.54E-04 6.70E-04 1.27E-03 2.40E-03 </Voltage>
                    </Temperature>
                    <Temperature>
                        <Voltage> 0 0 0 0 0 0 0 </Voltage>
                        <Voltage> 4.05749E-06 0.000142029 0.000325604 0.000613892 1.16E-03 0.002197609 0.004164272 </Voltage>
                    </Temperature>
                </Energy>
            </TurnOnLoss>
            <TurnOffLoss>
                <CurrentAxis>0 0.8 2 4 8 16 32 </CurrentAxis>
                <VoltageAxis> 0 600</VoltageAxis>
                <TemperatureAxis> 25 150</TemperatureAxis>
                <Energy scale="1">
                    <Temperature>
                        <Voltage> 0 0 0 0 0 0 0 </Voltage>
                        <Voltage> 5.44E-04 5.48E-04 5.62E-04 5.98E-04 7.00E-04 9.98E-04 1.86E-03 </Voltage>
                    </Temperature>
                    <Temperature>
                        <Voltage> 0 0 0 0 0 0 0 </Voltage>
                        <Voltage> 0.000714522 0.000720472 0.000738874 0.000785239 9.20E-04 0.001310867 0.002446271 </Voltage>
                    </Temperature>
                </Energy>
            </TurnOffLoss>
            <ConductionLoss>
                <CurrentAxis>0 0.8 2 4 8 16 32 </CurrentAxis>
                <TemperatureAxis> 25 150</TemperatureAxis>
                <VoltageDrop scale="1">
                    <Temperature> 0.957047831 1.033489328 1.147293 1.336244323 1.712861925 2.463535777 3.959778199 </Temperature>
                    <Temperature> 0.743068465 0.86415484 1.055836754 1.384256023 2.057528716 3.437764784 6.267304173 </Temperature>
                </VoltageDrop>
            </ConductionLoss>
        </SemiconductorData>
        <ThermalModel>
            <Branch type="Foster">
                <RTauElement R="0.187" Tau="1.73E-01"/>
				<RTauElement R="0.575" Tau="2.75E-02"/>
				<RTauElement R="0.589" Tau="2.57E-03"/>
				<RTauElement R="0.35" Tau="2.71E-04"/>
            </Branch>
        </ThermalModel>
        <Comment>
            <Line></Line>
        </Comment>
    </Package>
</SemiconductorLibrary>
