<?xml version="1.0" encoding="UTF-8"?>
<SemiconductorLibrary xmlns="http://www.plexim.com/xml/semiconductors/" version="1.0">
    <Package class="IGBT" vendor="Infineon" partnumber="IGW60T120">
        <SemiconductorData type="IGBT">
            <TurnOnLoss>
                <CurrentAxis>0 6 15 30 60 120 240 </CurrentAxis>
                <VoltageAxis> 0 600</VoltageAxis>
                <TemperatureAxis> 25 150</TemperatureAxis>
                <Energy scale="1">
                    <Temperature>
                        <Voltage> 0 0 0 0 0 0 0 </Voltage>
                        <Voltage> 0.000820 0.000865 0.001072 0.001756 0.004300 0.013765 0.048974 </Voltage>
                    </Temperature>
                    <Temperature>
                        <Voltage> 0 0 0 0 0 0 0 </Voltage>
                        <Voltage> 0.001279 0.001348 0.001672 0.002738 0.006706 0.021468 0.076382 </Voltage>
                    </Temperature>
                </Energy>
            </TurnOnLoss>
            <TurnOffLoss>
                <CurrentAxis>0 6 15 30 60 120 240 </CurrentAxis>
                <VoltageAxis> 0 600</VoltageAxis>
                <TemperatureAxis> 25 150</TemperatureAxis>
                <Energy scale="1">
                    <Temperature>
                        <Voltage> 0 0 0 0 0 0 0 </Voltage>
                        <Voltage> 0.000638 0.001076 0.001751 0.002891 0.005200 0.009877 0.019347 </Voltage>
                    </Temperature>
                    <Temperature>
                        <Voltage> 0 0 0 0 0 0 0 </Voltage>
                        <Voltage> 0.001156 0.001947 0.003168 0.005232 0.009411 0.017875 0.035016 </Voltage>
                    </Temperature>
                </Energy>
            </TurnOffLoss>
            <ConductionLoss>
                <CurrentAxis>0 6 15 30 60 120 240 </CurrentAxis>
                <TemperatureAxis> 25 150</TemperatureAxis>
                <VoltageDrop scale="1">
                    <Temperature> 0.871129 0.993939 1.154245 1.403676 1.872864 2.755419 4.415527 </Temperature>
                    <Temperature> 0.651109 0.832686 1.093734 1.519613 2.355260 3.994938 7.212261 </Temperature>
                </VoltageDrop>
            </ConductionLoss>
        </SemiconductorData>
        <ThermalModel>
            <Branch type="Foster">
                <RTauElement R="0.2003" Tau="7.98E-02"/>
				<RTauElement R="0.0776" Tau="3.86E-03"/>
				<RTauElement R="0.0469" Tau="4.44E-04"/>
				<RTauElement R="0.0053" Tau="4.87E-05"/>
            </Branch>
        </ThermalModel>
        <Comment>
            <Line></Line>
        </Comment>
    </Package>
</SemiconductorLibrary>
