<?xml version="1.0" encoding="UTF-8"?>
<SemiconductorLibrary xmlns="http://www.plexim.com/xml/semiconductors/" version="1.0">
    <Package class="Diode" vendor="Infineon" partnumber="IKW08T120">
         <SemiconductorData type="Diode">
            <TurnOnLoss>
                <CurrentAxis> 0 </CurrentAxis>
                <VoltageAxis> 0 </VoltageAxis>
                <TemperatureAxis> 25 </TemperatureAxis>
                <Energy scale="1e-06">
                    <Temperature>
                        <Voltage> 0 </Voltage>
                    </Temperature>
                </Energy>
            </TurnOnLoss>
            <TurnOffLoss>
                <CurrentAxis> 0 0.8 2 4 8 16 32 </CurrentAxis>
                <VoltageAxis> -600.0 0</VoltageAxis>
                <TemperatureAxis> 25 150 </TemperatureAxis>
                <Energy scale="1">
                    <Temperature>
                        <Voltage> 0.000E+00 4.843E-05 8.729E-05 1.363E-04 2.128E-04 3.324E-04 5.190E-04 </Voltage>
                        <Voltage> 0 0 0 0 0 0 0 </Voltage>
                    </Temperature>
                    <Temperature>
                        <Voltage> 3.727E-05 1.689E-04 2.561E-04 3.586E-04 5.091E-04 7.300E-04 1.055E-03 </Voltage>
                        <Voltage> 0 0 0 0 0 0 0 </Voltage>
                    </Temperature>
                </Energy>
            </TurnOffLoss>
            <ConductionLoss>
                <CurrentAxis>0 0.8 2 4 8 16 32 </CurrentAxis>
                <TemperatureAxis> 25 150 </TemperatureAxis>
                <VoltageDrop scale="1">
                    <Temperature> 0.70572408 0.983197273 1.163848361 1.375167867 1.68396296 2.135196315 2.794570592 </Temperature>
                    <Temperature> 0.465695538 0.767878578 0.990812346 1.263319504 1.677243104 2.305970616 3.260973623 </Temperature>
                </VoltageDrop>
            </ConductionLoss>
        </SemiconductorData>
        <ThermalModel>
            <Branch type="Foster">
                <RTauElement R="0.552" Tau="7.23E-02"/>
				<RTauElement R="0.732" Tau="8.13E-03"/>
				<RTauElement R="0.671" Tau="1.09E-03"/>
				<RTauElement R="0.344" Tau="1.55E-04"/>
            </Branch>
        </ThermalModel>
        <Comment>
            <Line></Line>
        </Comment>
    </Package>
</SemiconductorLibrary>
