<?xml version="1.0" encoding="UTF-8"?>
<SemiconductorLibrary xmlns="http://www.plexim.com/xml/semiconductors/" version="1.0">
    <Package class="IGBT" vendor="Infineon" partnumber="IKW15T120">
        <SemiconductorData type="IGBT">
            <TurnOnLoss>
                <CurrentAxis>0 1.5 3.75 7.5 15 30 60 </CurrentAxis>
                <VoltageAxis> 0 600</VoltageAxis>
                <TemperatureAxis> 25 150</TemperatureAxis>
                <Energy scale="1">
                    <Temperature>
                        <Voltage> 0 0 0 0 0 0 0 </Voltage>
                        <Voltage> 3.10E-04 3.28E-04 3.99E-04 6.07E-04 1.30E-03 3.61E-03 1.13E-02 </Voltage>
                    </Temperature>
                    <Temperature>
                        <Voltage> 0 0 0 0 0 0 0 </Voltage>
                        <Voltage> 0.000477951 0.00050591 0.000615301 0.000935855 0.00200453 0.005567324 0.017445107 </Voltage>
                    </Temperature>
                </Energy>
            </TurnOnLoss>
            <TurnOffLoss>
                <CurrentAxis>0 1.5 3.75 7.5 15 30 60 </CurrentAxis>
                <VoltageAxis> 0 600</VoltageAxis>
                <TemperatureAxis> 25 150</TemperatureAxis>
                <Energy scale="1">
                    <Temperature>
                        <Voltage> 0 0 0 0 0 0 0 </Voltage>
                        <Voltage> 6.83E-04 7.57E-04 8.66E-04 1.04E-03 1.40E-03 2.10E-03 3.50E-03 </Voltage>
                    </Temperature>
                    <Temperature>
                        <Voltage> 0 0 0 0 0 0 0 </Voltage>
                        <Voltage> 0.000851273 0.000943497 0.001078962 0.001302353 0.001744921 0.002621704 0.004358724 </Voltage>
                    </Temperature>
                </Energy>
            </TurnOffLoss>
            <ConductionLoss>
                <CurrentAxis>0 1.5 3.75 7.5 15 30 60 </CurrentAxis>
                <TemperatureAxis> 25 150</TemperatureAxis>
                <VoltageDrop scale="1">
                    <Temperature> 0.904408142 0.999197512 1.128331105 1.333468786 1.726534794 2.479691828 3.922822257 </Temperature>
                    <Temperature> 0.718113906 0.853667291 1.057066166 1.396122533 2.074339405 3.430981457 6.144682242 </Temperature>
                </VoltageDrop>
            </ConductionLoss>
        </SemiconductorData>
        <ThermalModel>
            <Branch type="Foster">
                <RTauElement R="0.121" Tau="1.73E-01"/>
				<RTauElement R="0.372" Tau="2.75E-02"/>
				<RTauElement R="0.381" Tau="2.57E-03"/>
				<RTauElement R="0.226" Tau="2.71E-04"/>
            </Branch>
        </ThermalModel>
        <Comment>
            <Line></Line>
        </Comment>
    </Package>
</SemiconductorLibrary>
