<?xml version="1.0" encoding="UTF-8"?>
<SemiconductorLibrary xmlns="http://www.plexim.com/xml/semiconductors/" version="1.0">
    <Package class="Diode" vendor="Infineon" partnumber="IKW40T120">
         <SemiconductorData type="Diode">
            <TurnOnLoss>
                <CurrentAxis> 0 </CurrentAxis>
                <VoltageAxis> 0 </VoltageAxis>
                <TemperatureAxis> 25 </TemperatureAxis>
                <Energy scale="1e-06">
                    <Temperature>
                        <Voltage> 0 </Voltage>
                    </Temperature>
                </Energy>
            </TurnOnLoss>
            <TurnOffLoss>
                <CurrentAxis> 0 4 10 20 40 80 160 </CurrentAxis>
                <VoltageAxis> -600.0 0</VoltageAxis>
                <TemperatureAxis> 25 150 </TemperatureAxis>
                <Energy scale="1">
                    <Temperature>
                        <Voltage> 0.000E+00 2.422E-04 4.365E-04 6.815E-04 1.064E-03 1.662E-03 2.595E-03 </Voltage>
                        <Voltage> 0 0 0 0 0 0 0 </Voltage>
                    </Temperature>
                    <Temperature>
                        <Voltage> 1.864E-04 8.447E-04 1.280E-03 1.793E-03 2.545E-03 3.650E-03 5.273E-03 </Voltage>
                        <Voltage> 0 0 0 0 0 0 0 </Voltage>
                    </Temperature>
                </Energy>
            </TurnOffLoss>
            <ConductionLoss>
                <CurrentAxis>0 4 10 20 40 80 160 </CurrentAxis>
                <TemperatureAxis> 25 150 </TemperatureAxis>
                <VoltageDrop scale="1">
                    <Temperature> 0.678693 0.970181 1.155702 1.371065 1.683662 2.137392 2.795975 </Temperature>
                    <Temperature> 0.448255 0.751788 0.977812 1.255040 1.677399 2.320866 3.301193 </Temperature>
                </VoltageDrop>
            </ConductionLoss>
        </SemiconductorData>
        <ThermalModel>
            <Branch type="Foster">
                <RTauElement R="0.228" Tau="1.01E-01"/>
				<RTauElement R="0.257" Tau="1.15E-02"/>
				<RTauElement R="0.238" Tau="1.30E-03"/>
				<RTauElement R="0.087" Tau="1.53E-04"/>
            </Branch>
        </ThermalModel>
        <Comment>
            <Line></Line>
        </Comment>
    </Package>
</SemiconductorLibrary>
