time_s,speed_mps,acc_mps2,force_N,motor_rpm,motor_torque_Nm
0.0,0.0,0.28472222222222243,684.0834377777782,0.0,23.508021916762136
1.0,0.3055555555555556,0.3733465608465609,834.7812978334437,87.53521870054246,28.686642537231737
2.0,0.6388888888888888,0.4646164021164022,990.0630497514331,183.02818455567964,34.02278521482588
3.0,1.2777777777777777,0.5469576719576706,1130.5217269422376,366.0563691113593,38.849543881176544
4.0,1.8055555555555556,0.6137566137566128,1244.7158419471987,517.2535650486599,42.773740273099605
5.0,2.4722222222222223,0.6250000000000001,1264.9440309683644,708.2394967589344,43.4688670435864
6.0,3.0277777777777777,0.6150793650793658,1249.2729863255083,867.3944398508297,42.930343172697874
7.0,3.75,0.6058201058201068,1235.4451133316816,1074.2958658702935,42.45515853373475
8.0,4.222222222222222,0.5826719576719588,1197.5643966843052,1209.5775674984045,41.15341569361873
9.0,4.888888888888889,0.5535714285714296,1150.4670935097022,1400.5634992086793,39.53495166700007
10.0,5.361111111111112,0.5350529100529109,1120.8770715768312,1535.8452008367904,38.51811242532066
11.0,5.944444444444444,0.5165343915343923,1091.9727150374792,1702.95789108328,37.52483556829825
12.0,6.388888888888888,0.49735449735449816,1061.508920857585,1830.2818455567965,36.47796978892045
13.0,6.944444444444445,0.48478835978836066,1043.0411166247811,1989.4367886486918,35.84333734105777
14.0,7.361111111111111,0.4636243386243391,1009.391552926037,2108.8029959676132,34.68699494591192
15.0,7.888888888888888,0.4636243386243389,1012.536748932981,2260.0001919049137,34.79507728292031
16.0,8.277777777777779,0.48280423280423274,1047.5993859369487,2371.408652069241,35.99997889817693
17.0,8.805555555555555,0.5198412698412692,1114.0856559022257,2522.6058480065412,38.28473044337545
18.0,9.361111111111112,0.5800264550264546,1220.344403587411,2681.760791098437,41.936233800254676
19.0,9.944444444444443,0.628306878306879,1306.8218647729288,2848.8734813449264,44.90796786161267
20.0,10.583333333333334,0.6137566137566154,1287.211417101524,3031.901665900606,44.234069316203566
21.0,11.25,0.5515873015873038,1187.2115336359166,3222.8875976108807,40.79764720398338
22.0,11.722222222222223,0.44444444444444703,1009.3078012808686,3358.1692992389917,34.68411688250407
23.0,12.083333333333332,0.3194444444444468,800.1670792708373,3461.6200122487235,27.497150490406778
24.0,12.36111111111111,0.23346560846561026,656.6564686006424,3541.1974837946714,22.565514384901796
25.0,12.555555555555555,0.19576719576719684,594.4624357054691,3596.901713876835,20.428262395376947
26.0,12.722222222222221,0.19047619047619066,587.1140473126106,3644.6481968044027,20.175740457478028
27.0,12.944444444444445,0.21693121693121623,634.3164571009688,3708.310174041162,21.797816395222295
28.0,13.166666666666666,0.26653439153439035,720.909313802908,3771.9721512779197,24.77351593824426
29.0,13.472222222222221,0.3300264550264537,832.026597568891,3859.5073699784616,28.591979297900032
30.0,13.805555555555555,0.38822751322751226,934.5215543810609,3955.0003358335994,32.114142762235765
31.0,14.249999999999998,0.41931216931216914,992.2380962681875,4082.324290307115,34.09752908138101
32.0,14.694444444444443,0.4173280423280428,993.8920871852962,4209.648244780632,34.15436725722667
33.0,15.083333333333332,0.38756613756613867,947.8221200777135,4321.056704944958,32.5712068755228
34.0,15.444444444444445,0.3492063492063507,886.9183521075862,4424.507417954691,30.47829388685863
35.0,15.777777777777777,0.32010582010582145,841.5144072663162,4520.000383809827,28.91802086825829
36.0,16.083333333333332,0.28835978835978965,791.3504805935869,4607.535602510369,27.19417459084491
37.0,16.36111111111111,0.24669312169312343,724.0389466429704,4687.1130740563185,24.881063458521314
38.0,16.583333333333332,0.19510582010582186,639.201392895175,4750.775051293076,21.965683604645186
39.0,16.75,0.13690476190476306,542.4305661755973,4798.521534220645,18.6402256417731
40.0,16.86111111111111,0.08201058201058282,450.56983612709575,4830.352522839024,15.483499523267895
41.0,16.916666666666664,0.04563492063492097,389.4645179613101,4846.268017148213,13.383660411041582
42.0,16.944444444444443,0.035052910052909655,371.8426576300699,4854.225764302808,12.778098200346042
43.0,16.97222222222222,0.05291005291005222,402.56796119323076,4862.183511457402,13.83395055646841
44.0,17.055555555555554,0.09722222222222121,479.00674942901065,4886.056752921187,16.460713038797618
45.0,17.166666666666664,0.15674603174603066,581.6831354960299,4917.887741539565,19.98911118543058
46.0,17.36111111111111,0.21957671957671895,691.1188644339717,4973.59197162173,23.749789155806585
47.0,17.61111111111111,0.27579365079365076,790.1042150374778,5045.2116960130825,27.151347595789613
48.0,17.916666666666668,0.3167989417989418,864.0553497734788,5132.746914713624,29.692623703555974
49.0,18.25,0.3346560846560843,899.1235023528434,5228.239880568762,30.897714857486022
50.0,18.583333333333336,0.32671957671957624,890.4292874718908,5323.7328464239,30.598944586662913
51.0,18.916666666666664,0.3015873015873016,852.5891072470239,5419.225812279036,29.298594750756834
52.0,19.194444444444443,0.2757936507936516,812.8768090768313,5498.803283824984,27.933910964839562
53.0,19.444444444444443,0.25462962962963054,780.6727510493843,5570.423008216336,26.827242304102548
54.0,19.694444444444446,0.24404761904762,766.5069578863553,5642.04273260769,26.3404452881909
55.0,19.944444444444443,0.2347883597883602,754.6386888470025,5713.662456999043,25.932600991305925
56.0,20.166666666666664,0.218915343915344,731.1377661838626,5777.324434235799,25.12500914721177
57.0,20.38888888888889,0.2003968253968262,703.1780840850985,5840.986411472559,24.164195329384825
58.0,20.555555555555554,0.17658730158730274,665.3685711552048,5888.732894400127,22.864899352412536
59.0,20.75,0.15740740740740813,635.9013135300938,5944.437124482291,21.85227881546714
60.0,20.88888888888889,0.15476190476190563,633.6638808112889,5984.225860255266,21.77539109317144
61.0,21.02777777777778,0.17460317460317504,669.669037515984,6024.014596028239,23.012681701580206
62.0,21.222222222222225,0.20370370370370322,722.3502621604931,6079.718826110403,24.823033063934467
63.0,21.444444444444446,0.22552910052909989,763.1585626895933,6143.380803347161,26.225380161154405
64.0,21.72222222222222,0.2420634920634909,795.952710011021,6222.958274893108,27.35232680450244
65.0,21.916666666666668,0.2645502645502632,837.4960817840586,6278.662504975271,28.779934081926406
66.0,22.194444444444446,0.2903439153439144,886.1334879789447,6358.23997652122,30.451322610960297
67.0,22.527777777777775,0.3333333333333325,965.040940690585,6453.732942376355,33.16291892407508
68.0,22.88888888888889,0.3869047619047616,1062.5212601763665,6557.183655386089,36.51275808166208
69.0,23.25,0.4179894179894181,1121.8759815195108,6660.63436839582,38.55243922747459
70.0,23.722222222222225,0.4259259259259259,1144.035953132716,6795.916070023934,39.313950279474774
71.0,24.166666666666664,0.4093915343915346,1124.2447233267198,6923.240024497447,38.633839289578
72.0,24.527777777777775,0.3571428571428582,1042.293400611223,7026.690737507178,35.81764263268807
73.0,24.86111111111111,0.29761904761904956,947.5362387726003,7122.183703362315,32.56138277569073
74.0,25.13888888888889,0.26190476190476375,892.24938361387,7201.761174908265,30.661490845837452
75.0,25.36111111111111,0.23875661375661442,857.2828956509051,7265.423152145022,29.459893321336942
76.0,25.61111111111111,0.22817460317460303,844.2731451962079,7337.042876536374,29.012822858976214
77.0,25.833333333333332,0.2275132275132273,847.6161849669309,7400.704853773133,29.127703950753634
78.0,26.055555555555554,0.2169312169312173,834.132740434304,7464.366831009892,28.66435534138501
79.0,26.277777777777775,0.19973544973545032,809.4445047200186,7528.028808246649,27.815962361512664
80.0,26.47222222222222,0.19179894179894283,799.9605986932337,7583.7330383288145,27.490054937911808
81.0,26.63888888888889,0.19246031746031836,804.5440197249795,7631.479521256383,27.64756081529139
82.0,26.833333333333332,0.19378306878306875,810.855731792328,7687.183751338545,27.8644581371934
83.0,27.055555555555557,0.19576719576719562,818.9083988999116,7750.845728575305,28.141182092780465
84.0,27.249999999999996,0.1984126984126986,827.5321082390876,7806.549958657467,28.437529492752148
85.0,27.416666666666668,0.20039682539682543,834.4655185565477,7854.2964415850365,28.675791015688926
86.0,27.63888888888889,0.20833333333333368,852.7385453202168,7917.958418821794,29.30373007973253
87.0,27.86111111111111,0.22023809523809518,877.7961988916445,7981.62039605855,30.164817831327987
88.0,28.083333333333332,0.22685185185185103,893.8977385300913,8045.282373295309,30.71813534467667
89.0,28.305555555555557,0.24140211640211573,923.5299367223313,8108.944350532069,31.73642394234815
90.0,28.555555555555554,0.2671957671957662,972.9341182451483,8180.564074923421,33.43416213900853
91.0,28.833333333333332,0.29431216931216864,1025.261486025131,8260.14154646937,35.23235347165399
92.0,29.166666666666664,0.32275132275132296,1081.1630302050269,8355.634512324505,37.15336873556793
93.0,29.47222222222222,0.34060846560846614,1118.5218600027565,8443.16973102505,38.437177319682355
94.0,29.833333333333336,0.3492063492063499,1141.507058511906,8546.620444034781,39.227046684257935
95.0,30.194444444444443,0.3538359788359793,1157.8481403598994,8650.071157044511,39.78859588865633
96.0,30.52777777777778,0.3458994708994708,1152.265652330798,8745.564122899648,39.59675781205491
97.0,30.88888888888889,0.32936507936507997,1132.8238887477964,8849.014835909382,38.92865597071465
98.0,31.194444444444443,0.31216931216931326,1111.0040500821226,8936.550054609923,38.17883333615541
99.0,31.5,0.28835978835978954,1078.0137939616422,9024.085273310466,37.045147558819316
100.0,31.77777777777778,0.2632275132275143,1042.1576411287497,9103.662744856414,35.81297735837627
101.0,32.02777777777778,0.24007936507936622,1009.0391932699536,9175.282469247766,34.67488636666507
102.0,32.25,0.20568783068783172,956.155395606814,9238.944446484524,32.85757373219291
103.0,32.44444444444444,0.174603174603176,908.2272247266337,9294.648676566689,31.210557550743424
104.0,32.611111111111114,0.14682539682539855,865.2420166247825,9342.395159494257,29.73340263315404
105.0,32.69444444444444,0.09920634920635023,786.4162838784189,9366.26840095804,27.02461456626869
106.0,32.833333333333336,0.030423280423281355,673.0415415806895,9406.057136731017,23.12857531205118
107.0,32.80555555555555,-0.0548941798941783,527.2893580186313,9398.099389576419,18.119909210262247
108.0,32.69444444444444,-0.1501322751322731,362.5406225027593,9366.26840095804,12.458440635833652
109.0,32.5,-0.21693121693121456,244.0286849669353,9310.56417087588,8.38586546278128
110.0,32.25,-0.24272486772486648,193.85380830522703,9238.944446484524,6.661642897086839
111.0,32.0,-0.24537037037037093,183.07963037036947,9167.324722093172,6.2913962326587445
112.0,31.77777777777778,-0.22089947089947212,219.14176811287277,9103.662744856414,7.5306449523323975
113.0,31.555555555555554,-0.1845238095238111,275.48059615520015,9040.000767619655,9.46668715309966
114.0,31.38888888888889,-0.1488095238095244,332.0953626565246,8992.254284692088,11.412211775138301
115.0,31.277777777777775,-0.11375661375661394,388.9643578946205,8960.423296073706,13.366472779883864
116.0,31.166666666666668,-0.09126984126984175,424.48056803571353,8928.59230745533,14.586961100883626
117.0,31.083333333333336,-0.0892857142857142,425.82643859623045,8904.719065991545,14.633210948324068
118.0,30.999999999999996,-0.09854497354497346,408.0639799735451,8880.84582452776,14.02281718122148
119.0,30.88888888888889,-0.12103174603174596,367.1492855731924,8849.014835909382,12.616813937223107
120.0,30.75,-0.15674603174603075,303.08959196924775,8809.226100136408,10.415449895850438
121.0,30.583333333333332,-0.1997354497354488,226.01299249834815,8761.479617208839,7.7667695016614475
122.0,30.36111111111111,-0.2387566137566132,154.38466582286256,8697.81763997208,5.3053149767306715
123.0,30.11111111111111,-0.2513227513227515,127.11447380070521,8626.197915580726,4.368194975969251
124.0,29.833333333333336,-0.22420634920635085,166.70547121031476,8546.620444034781,5.728710350869923
125.0,29.63888888888889,-0.16203703703703928,267.8743629128048,8490.916213952618,9.205304567450337
126.0,29.527777777777775,-0.07010582010582257,421.588447899577,8459.085225334236,14.487575529195084
127.0,29.5,0.02711640211640022,586.2254873478805,8451.127478179644,20.14520575078627
128.0,29.555555555555557,0.09523809523809429,703.3144453615505,8467.042972488833,24.168881283902078
129.0,29.72222222222222,0.13161375661375554,769.0137819686931,8514.789455416401,26.426590445659556
130.0,29.86111111111111,0.14087301587301496,787.9883667487859,8554.578191189376,27.07863803260432
131.0,29.97222222222222,0.13293650793650763,777.0942333493161,8586.409179807753,26.704269187261723
132.0,30.11111111111111,0.13624338624338583,785.9769076631387,8626.197915580726,27.009515727255625
133.0,30.25,0.1574074074074073,825.2318010300926,8665.986651353702,28.358481135054724
134.0,30.416666666666664,0.1779100529100528,864.0374678290342,8713.73313428127,29.692009203746878
135.0,30.61111111111111,0.19047619047619033,890.0370380533508,8769.437364363434,30.585465225201055
136.0,30.805555555555557,0.19246031746031794,898.0767396323863,8825.141594445598,30.861743629978907
137.0,30.999999999999996,0.18386243386243428,888.1565725661383,8880.84582452776,30.52084441808035
138.0,31.166666666666668,0.16732804232804258,864.0969701521169,8928.59230745533,29.69405395711742
139.0,31.333333333333332,0.14814814814814875,835.561722962964,8976.338790382897,28.71346127020495
140.0,31.47222222222222,0.13095238095238154,809.7376466429685,9016.127526155871,27.826035967112315
141.0,31.583333333333332,0.11243386243386314,780.9940023528451,9047.958514774251,26.83828186779536
142.0,31.694444444444443,0.09193121693121795,748.8869909551385,9079.789503392629,25.734948142788262
143.0,31.77777777777778,0.06878306878306968,711.6020855731938,9103.662744856414,24.453679916604596
144.0,31.833333333333332,0.0423280423280432,668.009520152118,9119.578239165603,22.955653613474844
145.0,31.86111111111111,0.017857142857143425,627.1003853995821,9127.535986320197,21.549841422666052
146.0,31.86111111111111,-0.0033068783068780448,591.1215494207456,9127.535986320197,20.31345530655483
147.0,31.86111111111111,-0.01653439153439163,568.6347769339725,9127.535986320197,19.540713983985306
148.0,31.833333333333332,-0.02116402116402184,560.0730122156074,9119.578239165603,19.246495265141146
149.0,31.805555555555554,-0.017195767195767875,566.1282526614847,9111.620492011009,19.45457912926064
150.0,31.805555555555554,-0.0006613756613761347,594.2367182699506,9111.620492011009,20.42050578247253
151.0,31.805555555555554,0.029100529100527902,644.8319563651876,9111.620492011009,22.159173758253868
152.0,31.86111111111111,0.0734126984126973,721.5448298440238,9127.535986320197,24.79535497745786
153.0,31.944444444444443,0.13095238095237982,821.4400914925025,9151.409227783983,28.228181838230324
154.0,32.11111111111111,0.19113756613756505,927.926791261021,9199.15571071155,31.88751860003508
155.0,32.333333333333336,0.2321428571428576,1003.2320699206357,9262.81768794831,34.47532886325208
156.0,32.58333333333333,0.23743386243386339,1018.5687315195121,9334.437412339661,35.00236190788701
157.0,32.833333333333336,0.2103174603174608,978.8616474007945,9406.057136731017,33.637857298996366
158.0,33.0,0.16468253968254104,905.5699524603198,9453.803619658584,31.119242352588305
159.0,33.138888888888886,0.10582010582010744,809.0934571588432,9493.592355431558,27.80389887143791
160.0,33.22222222222222,0.044312169312169906,706.6909870282198,9517.465596895343,24.284913643581433
161.0,33.25,-0.00529100529100408,623.0871369427931,9525.423344049937,21.411929104563335
162.0,33.19444444444444,-0.0376984126984111,566.5520539181024,9509.507849740747,19.46914274632654
163.0,33.138888888888886,-0.0542328042328032,537.003510068895,9493.592355431558,18.453728868346907
164.0,33.111111111111114,-0.05224867724867666,539.6573913932992,9485.634608276963,18.544927539288633
165.0,33.05555555555556,-0.03902116402116392,560.7077039263671,9469.719113967774,19.268305976851103
166.0,33.0,-0.02711640211640297,579.511751402115,9453.803619658584,19.91449317533041
167.0,33.0,-0.013227513227514257,603.1228625132258,9453.803619658584,20.725871564028374
168.0,33.0,0.0006613756613752724,626.733973624338,9453.803619658584,21.537249952726388
169.0,33.0,0.009259259259259316,641.3503757407409,9453.803619658584,22.039531812396593
170.0,33.0,0.013227513227513874,648.0964074867736,9453.803619658584,22.271354209167477
171.0,33.02777777777778,0.016534391534391374,654.4348229657185,9461.761366813178,22.48916917407967
172.0,33.05555555555556,0.01851851851851785,658.5251642438261,9469.719113967774,22.62973073002839
173.0,33.05555555555556,0.01984126984126938,660.7738414925037,9469.719113967774,22.70700486228535
174.0,33.08333333333333,0.025793650793649796,671.6108175644824,9477.676861122367,23.079409538298364
175.0,33.111111111111114,0.041666666666666394,699.3134760493824,9485.634608276963,24.03139092953204
176.0,33.166666666666664,0.057539682539682974,727.7364751785722,9501.550102586152,25.008126294796295
177.0,33.22222222222222,0.06613756613756545,743.7941616313922,9517.465596895343,25.559936825821033
178.0,33.30555555555556,0.06613756613756544,745.9606109948181,9541.338838359126,25.634385257553884
179.0,33.36111111111111,0.057539682539682585,732.791523693232,9557.254332668314,25.181839302172918
180.0,33.416666666666664,0.04298941798941809,709.5058009639552,9573.169826977504,24.381642644809453
181.0,33.44444444444444,0.026455026455027425,682.1231034303368,9581.127574132099,23.440656475269304
182.0,33.47222222222222,0.014550264550265663,662.6113793149269,9589.085321286695,22.770150491921886
183.0,33.47222222222222,0.0046296296296301125,645.7462999498465,9589.085321286695,22.190594499994724
184.0,33.47222222222222,-0.004629629629629417,630.0055592091053,9589.085321286695,21.649675574196056
185.0,33.47222222222222,-0.014550264550264966,613.1404798440249,9589.085321286695,21.070119582268894
186.0,33.44444444444444,-0.026455026455026693,592.1760134832448,9581.127574132099,20.34969118499123
187.0,33.416666666666664,-0.044312169312168775,561.0931025512575,9573.169826977504,19.281549915850775
188.0,33.36111111111111,-0.0582010582010576,536.0322644339736,9557.254332668314,18.420352729689814
189.0,33.30555555555556,-0.059523809523809076,532.3362723704815,9541.338838359126,18.293342693143696
190.0,33.22222222222222,-0.05291005291005309,541.4132092504407,9517.465596895343,18.605264922695554
191.0,33.19444444444444,-0.04100529100529239,560.9303607964042,9509.507849740747,19.27595741568399
192.0,33.166666666666664,-0.023148148148149663,590.5671630092567,9501.550102586152,20.294404227122218
193.0,33.138888888888886,-0.004629629629630132,621.3289068942893,9493.592355431558,21.351508827982446
194.0,33.138888888888886,0.007936507936507936,642.691340756724,9493.592355431558,22.085613084423503
195.0,33.166666666666664,0.018518518518518844,661.4004963425931,9501.550102586152,22.728539393216256
196.0,33.19444444444444,0.0218253968253974,667.7425301085768,9509.507849740747,22.946478697889233
197.0,33.19444444444444,0.017857142857143588,660.9964983625454,9509.507849740747,22.714656301118396
198.0,33.22222222222222,0.007936507936508514,644.8523626895953,9517.465596895343,22.1598750065153
199.0,33.22222222222222,-0.003968253968254057,624.614267451499,9517.465596895343,21.464407816202712
200.0,33.22222222222222,-0.021825396825396852,594.2571245943562,9517.465596895343,20.42120703073389
201.0,33.166666666666664,-0.04497354497354444,553.4639884060855,9501.550102586152,19.01938104488266
202.0,33.138888888888886,-0.06018518518518472,526.8844624498465,9493.592355431558,18.1059952731906
203.0,33.05555555555556,-0.05820105820105804,528.1018838205471,9469.719113967774,18.14783105912533
204.0,33.0,-0.03703703703703713,562.646672037037,9453.803619658584,19.334937183403333
205.0,32.97222222222222,-0.004629629629630002,617.0231453202155,9445.845872503989,21.20354451272218
206.0,33.0,0.03174603174603124,679.5778889682531,9453.803619658584,23.353192060764712
207.0,33.05555555555556,0.0648148148148148,737.228867947531,9469.719113967774,25.33432535902168
208.0,33.111111111111114,0.08862433862433847,779.141518377425,9485.634608276963,26.774622624653777
209.0,33.22222222222222,0.09722222222222125,796.6380769753071,9517.465596895343,27.375878933859347
210.0,33.333333333333336,0.09325396825396728,792.781850476189,9549.29658551372,27.243362559319205
211.0,33.416666666666664,0.07870370370370422,770.2200866782416,9573.169826977504,26.46804421574713
212.0,33.47222222222222,0.0608465608465617,741.3150830186302,9589.085321286695,25.474745120915124
213.0,33.52777777777778,0.04828042328042335,721.4072005450839,9605.000815595884,24.79062544828467
214.0,33.583333333333336,0.04034391534391488,709.3721006332664,9620.916309905075,24.377048131727367
215.0,33.61111111111111,0.03306878306878199,697.7337621274232,9628.874057059667,23.977105227746502
216.0,33.638888888888886,0.02711640211640152,688.3447039180987,9636.831804214262,23.654457179316108
217.0,33.666666666666664,0.02777777777777854,690.1996350000013,9644.789551368856,23.718200515463963
218.0,33.69444444444444,0.028439153439154742,692.0551691297421,9652.74729852345,23.781964574905224
219.0,33.72222222222222,0.023809523809524717,684.9165973126118,9660.705045678047,23.536652828612088
220.0,33.75,0.014550264550265264,669.908258172951,9668.662792832642,23.020902342713093
221.0,33.75,0.0013227513227517258,647.4214856861779,9668.662792832642,22.24816102014357
222.0,33.75,-0.013888888888889207,621.5616973263884,9668.662792832642,21.359508499188603
223.0,33.72222222222222,-0.027777777777777995,597.2181846141971,9660.705045678047,20.522961670590963
224.0,33.69444444444444,-0.042989417989417356,570.6265977011695,9652.74729852345,19.609161433029882
225.0,33.638888888888886,-0.05753968253968179,544.429360002757,9636.831804214262,18.70891271487137
226.0,33.583333333333336,-0.06613756613756579,528.3535821147493,9620.916309905075,18.15648048504293
227.0,33.5,-0.06481481481481555,528.4177185648136,9597.04306844129,18.158684486763352
228.0,33.44444444444444,-0.05687830687830829,540.456436763666,9581.127574132099,18.572386143081303
229.0,33.388888888888886,-0.04960317460317514,551.3732285295405,9565.21207982291,18.947533626444688
230.0,33.36111111111111,-0.04232804232804177,563.0163914181005,9557.254332668314,19.34764231677321
231.0,33.30555555555556,-0.031084656084655216,580.682833217043,9541.338838359126,19.954736536668143
232.0,33.27777777777778,-0.014550264550263555,608.0685459898607,9533.381091204532,20.89582632267562
233.0,33.27777777777778,0.007275132275131969,645.171720593033,9533.381091204532,22.17084950491522
234.0,33.30555555555556,0.027116402116400425,679.6246321588376,9541.338838359126,23.3547983559738
235.0,33.333333333333336,0.0436507936507925,708.4564536507919,9549.29658551372,24.345582599683567
236.0,33.388888888888886,0.06018518518518407,738.0134401697512,9565.21207982291,25.361286603771518
237.0,33.44444444444444,0.08134920634920564,775.4432092504396,9581.127574132099,26.647532963932633
238.0,33.55555555555556,0.0992063492063494,808.709454885362,9612.95856275048,27.790702917022745
239.0,33.638888888888886,0.10119047619047566,814.2706298440247,9636.831804214262,27.981808585705313
240.0,33.77777777777778,0.09391534391534295,805.5618977425029,9676.620539987236,27.68253944132312
241.0,33.83333333333333,0.0879629629629637,796.910668564816,9692.536034296427,27.385246342433536
242.0,33.916666666666664,0.07738095238095358,781.1275010962322,9716.40927576021,26.84286945347877
243.0,34.0,0.07208994708994777,774.3444700529112,9740.282517223995,26.609775603192823
244.0,34.083333333333336,0.07341269841269922,778.8102526835332,9764.15575868778,26.763238923832755
245.0,34.11111111111111,0.05489417989417993,748.0690124250441,9772.113505842373,25.706838914949966
246.0,34.19444444444444,0.021825396825397223,694.0764231641322,9795.986747306157,23.851423476430657
247.0,34.19444444444444,-0.029100529100527132,607.5023490900608,9795.986747306157,20.87636938453817
248.0,34.11111111111111,-0.11309523809523475,462.48700184303914,9772.113505842373,15.893024118317495
249.0,33.97222222222222,-0.21693121693121364,282.27066218530103,9732.324770069401,9.700022755508625
250.0,33.69444444444444,-0.3280423280423254,86.03665061122575,9652.74729852345,2.9565859316572425
251.0,33.30555555555556,-0.4490740740740716,-129.89917736496488,9541.338838359126,-4.463889256528002
252.0,32.80555555555555,-0.5529100529100511,-319.33762610835254,9398.099389576419,-10.97380158447947
253.0,32.19444444444444,-0.6263227513227506,-459.6616647988305,9223.028952175335,-15.795933498241595
254.0,31.52777777777778,-0.6726190476190469,-554.9660694284601,9032.04302046506,-19.070998949431615
255.0,30.861111111111107,-0.6739417989417983,-573.4680920475078,8841.057088754786,-19.706807286855934
256.0,30.166666666666664,-0.6640211640211636,-573.1642139748672,8642.113409889917,-19.696364741404366
257.0,29.5,-0.6851851851851847,-624.6872110648138,8451.127478179644,-21.46691446958123
258.0,28.88888888888889,-0.7208994708994712,-699.3451689241627,8276.057040778558,-24.032480031758165
259.0,28.083333333333332,-0.7466931216931231,-761.1287164963649,8045.282373295309,-26.15562599643865
260.0,27.305555555555554,-0.7533068783068806,-789.206786227407,7822.465452966656,-27.120508117780307
261.0,26.583333333333332,-0.6898148148148184,-696.479144803247,7615.564026947192,-23.933991230352127
262.0,25.97222222222222,-0.5429894179894222,-459.42660183587583,7440.4935895461085,-15.787855733191607
263.0,25.416666666666664,-0.37103174603174993,-178.25494453869715,7281.338646454211,-6.12559946868375
264.0,25.194444444444443,-0.20436507936508214,100.68337614031714,7217.676669217453,3.4599098330005886
265.0,25.11111111111111,-0.07407407407407614,320.5399056790089,7193.80342775367,11.015117033642916
266.0,25.055555555555557,-0.017857142857144362,415.0195843496448,7177.887933444481,14.261841386585731
267.0,25.055555555555557,-0.016534391534392307,417.2682615983233,7177.887933444481,14.339115518842723
268.0,25.027777777777775,-0.02513227513227632,402.10821185460554,7169.930186289884,13.8181516101239
269.0,25.0,-0.03968253968254033,376.8297175396815,7161.972439135291,12.949474829542318
270.0,24.944444444444443,-0.05026455026454943,357.75601953483385,7146.056944826101,12.294021289856833
271.0,24.888888888888886,-0.05423280423280295,349.92811996472875,7130.141450516911,12.025021304629854
272.0,24.833333333333336,-0.06150793650793534,336.4809394642878,7114.225956207723,11.562918881934289
273.0,24.77777777777778,-0.07341269841269765,315.1658007848338,7098.310461898533,10.830439889513187
274.0,24.694444444444446,-0.09126984126984154,283.1976156244485,7074.437220434748,9.731876825582422
275.0,24.583333333333332,-0.1117724867724874,246.20350453538256,7042.606231816369,8.460601530425517
276.0,24.47222222222222,-0.12698412698412737,218.21375120645882,7010.775243197991,7.498754336991712
277.0,24.333333333333332,-0.13359788359788394,204.32147732804177,6970.986507425016,7.021356609211057
278.0,24.194444444444443,-0.1402116402116403,190.44427964561274,6931.197771652042,6.54447696376676
279.0,24.055555555555554,-0.1448412698412698,179.95517403218702,6891.409035879068,6.184026599044227
280.0,23.916666666666664,-0.14682539682539608,173.97849911210446,6851.620300106093,5.978642581171974
281.0,23.75,-0.15277777777777693,160.75496121527922,6803.873817178526,5.524225471315437
282.0,23.61111111111111,-0.1587301587301585,148.06542218033553,6764.085081405552,5.088158837812218
283.0,23.444444444444446,-0.16071428571428606,141.62771718694833,6716.338598477983,4.866931862094444
284.0,23.277777777777775,-0.16402116402116435,132.96304466710703,6668.592115550414,4.56917679268409
285.0,23.11111111111111,-0.16865079365079366,122.07140462081131,6620.845632622846,4.194893629581144
286.0,22.944444444444443,-0.1812169312169307,97.70941080467463,6573.099149695277,3.357711711500846
287.0,22.75,-0.21097883597883474,43.64212477348099,6517.394919613115,1.4997293736591404
288.0,22.527777777777775,-0.25992063492063305,-43.49080534115646,6453.732942376355,-1.4945293931668886
289.0,22.22222222222222,-0.33862433862433616,-182.6304070193962,6366.197723675815,-6.275959004102961
290.0,21.86111111111111,-0.44246031746031456,-365.37231102898534,6262.74701066608,-12.555749519896402
291.0,21.36111111111111,-0.5562169312169281,-567.2036363596728,6119.507561883376,-19.4915338955214
292.0,20.72222222222222,-0.6772486772486743,-783.4642055974377,5936.479377327697,-26.923168577231536
293.0,20.0,-0.7910052910052886,-988.3433347089906,5729.5779513082325,-33.963688477972184
294.0,19.166666666666668,-0.8783068783068766,-1149.5104949272459,5490.845536670389,-39.502078863479234
295.0,18.22222222222222,-0.9477513227513216,-1281.3649911463824,5220.282133414167,-44.033161207779465
296.0,17.25,-1.0019841269841265,-1387.037369935515,4941.760983003351,-47.66451443077371
297.0,16.25,-1.0310846560846567,-1449.5992319064164,4655.28208543794,-49.81440659472221
298.0,15.194444444444445,-1.0383597883597895,-1474.937309706241,4352.887693563338,-50.68513091774023
299.0,14.138888888888888,-1.0310846560846578,-1474.669136690369,4050.4933016887358,-50.675915350184496
300.0,13.138888888888888,-0.9953703703703722,-1424.6143245871945,3764.0144041233243,-48.95581871433657
301.0,12.166666666666666,-0.9417989417989437,-1343.1569861970931,3485.493253712508,-46.15659746381763
302.0,11.222222222222221,-0.8968253968253984,-1275.3339865167575,3214.9298504562853,-43.82591018957929
303.0,10.388888888888888,-0.8597883597883611,-1219.4085918408311,2976.1974358184425,-41.90407532099076
304.0,9.527777777777777,-0.8359788359788368,-1185.6343735289918,2729.5072740260052,-40.74344926216467
305.0,8.694444444444445,-0.8399470899470903,-1198.3143960157634,2490.7748593881624,-41.17918886652107
306.0,7.861111111111111,-0.8578042328042335,-1234.062786558092,2252.0424447503187,-42.40765589546707
307.0,7.0,-0.8664021164021176,-1253.6799628836,2005.3522829578817,-43.08178566610309
308.0,6.111111111111111,-0.8604497354497369,-1248.1151325485034,1750.7043740108488,-42.89055438311008
309.0,5.249999999999999,-0.8253968253968271,-1192.3482072371062,1504.0142122184106,-40.974165197151414
310.0,4.472222222222222,-0.7625661375661396,-1088.4909723385174,1281.1972918897577,-37.40518805287001
311.0,3.7222222222222223,-0.6924603174603194,-971.7127161794565,1066.3381187156988,-33.39218955943149
312.0,3.083333333333333,-0.6296296296296313,-866.5996341550954,883.309934160019,-29.780056156532485
313.0,2.4722222222222223,-0.5747354497354507,-774.606233581902,708.2394967589344,-26.61877091346742
314.0,1.9166666666666667,-0.5978835978835996,-814.9109010201748,549.0845536670389,-28.003811031621126
315.0,1.3611111111111112,-0.6223544973545007,-857.223026571324,389.9296105751436,-29.457835964650304
316.0,0.7777777777777777,-0.5244708994709031,-691.3084743474489,222.81692032865348,-23.75630496039343
317.0,0.0,-0.3525132275132309,-399.2168267724925,0.0,-13.718791298023795
318.0,0.0,-0.15410052910053249,-61.91523947090522,0.0,-2.127671459481279
319.0,0.0,0.009259259259255866,215.79640074073498,0.0,7.41568387425206
320.0,0.0,0.020833333333333925,235.4723266666677,0.0,8.091832531500607
321.0,0.0,1.3322676295501878e-15,200.0556600000023,0.0,6.874764948453687
322.0,0.0,-0.004629629629627541,192.1852896296332,0.0,6.604305485554405
